<?xml version="1.0" encoding="UTF-8"?>
<configurationDescriptor version="97">
  <logicalFolder name="root" displayName="root" projectFiles="true" kind="ROOT">
    <df root="." name="0">
      <df name="Matlab Code">
        <df name="myplots">
        </df>
        <in>myplot.m</in>
        <in>myplot_tau.m</in>
        <in>myplot_tau_vs_ind.m</in>
        <in>myplot_uniform_vsnonuniform.m</in>
        <in>myplot_vspcdm.m</in>
        <in>plotfile2.m</in>
        <in>plotfile2_saga_vs_pcdm.m</in>
        <in>plotfile2_tau.m</in>
        <in>plotfile2_tau_vs_ind.m</in>
        <in>plotfile2_uni_nonuni.m</in>
      </df>
      <df name="results">
        <df name="myplots">
        </df>
      </df>
      <in>AdaSDCA.h</in>
      <in>Logistic_Regression.h</in>
      <in>Logistic_Regression_SAGA.h</in>
      <in>Matrix.h</in>
      <in>Primal_Dual.h</in>
      <in>Primal_Dual_Acc.h</in>
      <in>Primal_Dual_SAGA.h</in>
      <in>Ridge_Regression.h</in>
      <in>Ridge_Regression_SAGA.h</in>
      <in>SmoothHingeLoss.h</in>
      <in>SmoothHingeLoss_SAGA.h</in>
      <in>SmoothHingeLoss_SPDC.h</in>
      <in>SquaredHingeLoss.h</in>
      <in>SquaredHingeLoss_SPDC.h</in>
      <in>logis_loss.h</in>
      <in>main.cpp</in>
      <in>problem_data.h</in>
      <in>svm_parser.h</in>
      <in>utils.h</in>
    </df>
  </logicalFolder>
  <projectmakefile>Makefile</projectmakefile>
  <confs>
    <conf name="Default" type="0">
      <toolsSet>
        <developmentServer>localhost</developmentServer>
        <platform>3</platform>
      </toolsSet>
      <compile>
        <compiledirpicklist>
          <compiledirpicklistitem>.</compiledirpicklistitem>
          <compiledirpicklistitem>${AUTO_FOLDER}</compiledirpicklistitem>
        </compiledirpicklist>
        <compiledir>${AUTO_FOLDER}</compiledir>
        <compilecommandpicklist>
          <compilecommandpicklistitem>${MAKE} ${ITEM_NAME}.o</compilecommandpicklistitem>
          <compilecommandpicklistitem>${AUTO_COMPILE}</compilecommandpicklistitem>
        </compilecommandpicklist>
        <compilecommand>${AUTO_COMPILE}</compilecommand>
      </compile>
      <dbx_gdbdebugger version="1">
        <gdb_pathmaps>
        </gdb_pathmaps>
        <gdb_interceptlist>
          <gdbinterceptoptions gdb_all="false" gdb_unhandled="true" gdb_unexpected="true"/>
        </gdb_interceptlist>
        <gdb_options>
          <DebugOptions>
          </DebugOptions>
        </gdb_options>
        <gdb_buildfirst gdb_buildfirst_overriden="false" gdb_buildfirst_old="false"/>
      </dbx_gdbdebugger>
      <nativedebugger version="1">
        <engine>gdb</engine>
      </nativedebugger>
      <runprofile version="9">
        <runcommandpicklist>
          <runcommandpicklistitem>"${OUTPUT_PATH}"</runcommandpicklistitem>
        </runcommandpicklist>
        <runcommand>"${OUTPUT_PATH}"</runcommand>
        <rundir>.</rundir>
        <buildfirst>false</buildfirst>
        <terminal-type>0</terminal-type>
        <remove-instrumentation>0</remove-instrumentation>
        <environment>
        </environment>
      </runprofile>
    </conf>
  </confs>
</configurationDescriptor>
